mean (steps),median (steps)
10766.188679245282,10766.188679245282
